script,action,command
ai:catalog-assist-smoke,MOVE_TO_TOOLS,node scripts/ai-catalog-assist-smoke.mjs
ai:embed-smoke,MOVE_TO_TOOLS,node scripts/ai-embed-smoke.mjs
ai:enable,MOVE_TO_TOOLS,node scripts/ai-local-enable.mjs
ai:evals,MOVE_TO_TOOLS,npm run build -w @epis2/local-ai && node scripts/ai-synthetic-evals.mjs
ai:evals:closure,MOVE_TO_TOOLS,npm run build -w @epis2/local-ai && node scripts/run-tramo-closure-evals.mjs
ai:evals:command,MOVE_TO_TOOLS,node scripts/ai/evals/run-command-phrase-evals.mjs
ai:evals:feedback-loop,MOVE_TO_TOOLS,node scripts/ai/evals/run-feedback-loop-evals.mjs
ai:evals:intent-top10,MOVE_TO_TOOLS,node scripts/ai/evals/run-intent-top10-evals.mjs
ai:evals:live,MOVE_TO_TOOLS,npm run build -w @epis2/local-ai && node scripts/ai-evals-live.mjs
ai:evals:rag-citations,MOVE_TO_TOOLS,node scripts/ai/evals/run-rag-citation-evals.mjs
ai:evals:sim,MOVE_TO_TOOLS,npm run build -w @epis2/test-fixtures && node scripts/ai-evals-sim-live.mjs
ai:evals:tramo-j,MOVE_TO_TOOLS,npm run build -w @epis2/local-ai && node scripts/run-tramo-evals.mjs J
ai:evals:tramo-k,MOVE_TO_TOOLS,npm run build -w @epis2/local-ai && node scripts/run-tramo-evals.mjs K
ai:pull-coder-models,MOVE_TO_TOOLS,node scripts/ollama/pull-coder-models.mjs
ai:pull-model,MOVE_TO_TOOLS,ollama pull qwen3:8b
ai:smoke,MOVE_TO_TOOLS,node scripts/ai-smoke.mjs
architecture:validate,KEEP_ROOT,node scripts/architecture/validate-all.mjs
build,KEEP_ROOT,npm run build -w @epis2/contracts && npm run build -w @epis2/clinical-domain && npm run build -w @epis2/design-system && npm run build -w @epis2/command-registry && npm run build -w @epis2/clinical-forms && npm run build -w @epis2/epis2-widgets && npm run build -w @epis2/epis2-ui && npm run build -w @epis2/clinical-productivity && npm run build -w @epis2/test-fixtures && npm run build -w @epis2/fhir-export && npm run build -w @epis2/ai-client && npm run build -w @epis2/local-ai && npm run build -w @epis2/drug-intel && npm run build -w @epis2/clinical-case-intel && npm run build -w @epis2/api && npm run build -w @epis2/web
build:packages,KEEP_ROOT,npm run build -w @epis2/contracts && npm run build -w @epis2/clinical-domain && npm run build -w @epis2/design-system && npm run build -w @epis2/command-registry && npm run build -w @epis2/clinical-forms && npm run build -w @epis2/epis2-widgets && npm run build -w @epis2/epis2-ui && npm run build -w @epis2/clinical-productivity && npm run build -w @epis2/test-fixtures && npm run build -w @epis2/fhir-export && npm run build -w @epis2/local-ai && npm run build -w @epis2/drug-intel && npm run build -w @epis2/clinical-case-intel
case-intel:export-evolab,MOVE_TO_LABS,npm run cli -w @epis2/clinical-case-intel -- export-evolab
case-intel:export-fixtures,MOVE_TO_LABS,npm run cli -w @epis2/clinical-case-intel -- export-fixtures
case-intel:load,MOVE_TO_LABS,npm run cli -w @epis2/clinical-case-intel -- load
case-intel:pipeline:catalog,MOVE_TO_LABS,npm run cli -w @epis2/clinical-case-intel -- pipeline catalog
case-intel:promote-catalog,MOVE_TO_LABS,npm run cli -w @epis2/clinical-case-intel -- promote-catalog
case-intel:report,MOVE_TO_LABS,npm run cli -w @epis2/clinical-case-intel -- report
case-intel:scrape,MOVE_TO_LABS,npm run cli -w @epis2/clinical-case-intel -- scrape
case-intel:scrape:catalog,MOVE_TO_LABS,npm run cli -w @epis2/clinical-case-intel -- scrape --source catalog
case-intel:scrape:meded-remote,MOVE_TO_LABS,npm run cli -w @epis2/clinical-case-intel -- scrape --source meded-remote
case-intel:synthesize,MOVE_TO_LABS,npm run cli -w @epis2/clinical-case-intel -- synthesize
case-intel:validate,MOVE_TO_LABS,npm run cli -w @epis2/clinical-case-intel -- validate
case-intel:verify-sim-seed,MOVE_TO_LABS,npm run cli -w @epis2/clinical-case-intel -- verify-sim-seed
check,KEEP_ROOT,npm run lint && npm run typecheck && npm run architecture:validate
cursor:verify,MOVE_TO_TOOLS,node scripts/cursor/verify-setup.mjs
db:apply-latest,MOVE_TO_TOOLS,node scripts/quality/apply-latest-migration.mjs
db:backup,MOVE_TO_TOOLS,node scripts/epis-db-backup.mjs
db:migrate,KEEP_ROOT,node scripts/db-migrate.mjs
db:reindex-chunks,MOVE_TO_TOOLS,node scripts/db/reindex-document-chunks.mjs
db:restore,MOVE_TO_TOOLS,node scripts/epis-db-restore.mjs
db:validate,KEEP_ROOT,node scripts/db-validate.mjs
dev:agent:audit-diff,MOVE_TO_TOOLS,node scripts/dev-agent/ollama-audit-diff.mjs
dev:agent:close,MOVE_TO_TOOLS,node scripts/dev-agent/close.mjs
dev:agent:ollama,MOVE_TO_TOOLS,node scripts/dev-agent/ollama-assist.mjs
dev:agent:ollama-auto,MOVE_TO_TOOLS,node scripts/dev-agent/ollama-automation.mjs
dev:agent:ollama-write,MOVE_TO_TOOLS,node scripts/dev-agent/ollama-write.mjs
dev:agent:orchestrate,MOVE_TO_TOOLS,node scripts/dev-agent/orchestrate.mjs
dev:agent:subagent,MOVE_TO_TOOLS,node scripts/dev-agent/orchestrate.mjs
dev:agent:tramo-k,MOVE_TO_TOOLS,node scripts/dev-agent/orchestrate.mjs --tramo K
dev:ai,MOVE_TO_TOOLS,npm run dev -w @epis2/local-ai
dev:api,KEEP_ROOT,npm run dev -w @epis2/api
dev:auto:6h,MOVE_TO_TOOLS,node scripts/dev-agent/auto-dev-6h-runner.mjs
dev:auto:continuous,MOVE_TO_TOOLS,node scripts/dev-agent/auto-dev-continuous.mjs
dev:auto:cycle,MOVE_TO_TOOLS,node scripts/dev-agent/openclaw-dev-cycle-launcher.mjs
dev:auto:integrated,MOVE_TO_TOOLS,node scripts/dev-agent/auto-dev-parallel-launcher.mjs
dev:auto:orchestrate,MOVE_TO_TOOLS,node scripts/dev-agent/auto-dev-orchestrator.mjs
dev:auto:parallel,MOVE_TO_TOOLS,node scripts/dev-agent/auto-dev-parallel-launcher.mjs
dev:auto:preconditions,MOVE_TO_TOOLS,node scripts/dev-agent/auto-dev-preconditions.mjs
dev:auto:stop,MOVE_TO_TOOLS,node scripts/dev-agent/stop-auto-dev-session.mjs
dev:cycle:sync,MOVE_TO_TOOLS,node scripts/dev-agent/dev-cycle-sync.mjs
dev:dual-chart:session,MOVE_TO_TOOLS,node scripts/dev/dual-chart-session.mjs
dev:evolab:complement,MOVE_TO_TOOLS,node scripts/dev-agent/evolab-complement.mjs
dev:evolab:sync,MOVE_TO_TOOLS,node scripts/dev-agent/evolab-sync.mjs
dev:install-hooks,MOVE_TO_TOOLS,node scripts/dev/install-git-hooks.mjs
dev:openclaw:sync,MOVE_TO_TOOLS,node scripts/dev-agent/openclaw-sync.mjs
dev:rapid,MOVE_TO_TOOLS,node scripts/dev/run-dev-rapid.mjs
dev:session,MOVE_TO_TOOLS,node scripts/dev-agent/session.mjs
dev:velocity,MOVE_TO_TOOLS,node scripts/dev/velocity-start.mjs
dev:velocity:gates,MOVE_TO_TOOLS,node scripts/dev/velocity-gates.mjs
dev:web,KEEP_ROOT,npm run dev -w @epis2/web
drug-intel:correlate,MOVE_TO_LABS,npm run cli -w @epis2/drug-intel -- correlate
drug-intel:load,MOVE_TO_LABS,npm run cli -w @epis2/drug-intel -- load
drug-intel:report,MOVE_TO_LABS,npm run cli -w @epis2/drug-intel -- report
drug-intel:scrape,MOVE_TO_LABS,npm run cli -w @epis2/drug-intel -- scrape
evolab:doctor,MOVE_TO_LABS,node scripts/dev-agent/evolab-bridge.mjs doctor
evolab:evolve,MOVE_TO_LABS,node scripts/dev-agent/evolab-bridge.mjs evolve
evolab:findings,MOVE_TO_LABS,node scripts/dev-agent/evolab-bridge.mjs findings
evolab:plan,MOVE_TO_LABS,node scripts/dev-agent/evolab-bridge.mjs plan
evolab:queue,MOVE_TO_LABS,node scripts/dev-agent/evolab-bridge.mjs queue
evolab:smoke,MOVE_TO_LABS,node scripts/dev-agent/evolab-bridge.mjs smoke
evolab:stack,MOVE_TO_LABS,node scripts/dev-agent/evolab-bridge.mjs stack
evolab:validate,MOVE_TO_LABS,node scripts/dev-agent/evolab-bridge.mjs validate
figma:connect:preview,MOVE_TO_TOOLS,node scripts/dev/figma-connect-publish.mjs -- --dry-run
figma:connect:publish,MOVE_TO_TOOLS,node scripts/dev/figma-connect-publish.mjs
figma:verify,MOVE_TO_TOOLS,node scripts/dev/figma-connect-verify.mjs
format,KEEP_ROOT,prettier --write .
format:check,KEEP_ROOT,prettier --check .
legacy:audit,MOVE_TO_TOOLS,node scripts/legacy-audit/scan-donor-repositories.mjs && node scripts/legacy-audit/detect-forbidden-dependencies.mjs && node scripts/legacy-audit/detect-secrets-and-sensitive-data.mjs && node scripts/legacy-audit/detect-duplicate-registries.mjs && node scripts/legacy-audit/detect-legacy-routes.mjs
legacy:validate-manifest,MOVE_TO_TOOLS,node scripts/legacy-audit/validate-import-manifest.mjs
legacy:validate-quarantine,MOVE_TO_TOOLS,node scripts/legacy-audit/validate-quarantine.mjs
lint,KEEP_ROOT,eslint .
ollama:probe,MOVE_TO_TOOLS,node scripts/ollama/probe.mjs
ollama:route,MOVE_TO_TOOLS,node scripts/ollama/route.mjs
openclaw:brief,MOVE_TO_TOOLS,node scripts/dev-agent/openclaw-brief.mjs
openclaw:handoff,MOVE_TO_TOOLS,node scripts/dev-agent/openclaw-handoff.mjs
openclaw:policy,MOVE_TO_TOOLS,node scripts/dev-agent/openclaw-policy-check.mjs
openclaw:post-tramo,MOVE_TO_TOOLS,node scripts/dev-agent/openclaw-post-tramo.mjs
openclaw:programming,MOVE_TO_TOOLS,node scripts/dev-agent/openclaw-programming-support.mjs
openclaw:safe-patch,MOVE_TO_TOOLS,node scripts/dev-agent/openclaw-safe-patch.mjs
openclaw:safe-run,MOVE_TO_TOOLS,node scripts/dev-agent/openclaw-safe-run.mjs
openclaw:tramo,MOVE_TO_TOOLS,node scripts/dev-agent/openclaw-tramo.mjs
openclaw:verify-tramo,MOVE_TO_TOOLS,node scripts/dev-agent/openclaw-verify-tramo.mjs
qa:bundle-analyze,MOVE_TO_TOOLS,node scripts/qa/bundle-analyze.mjs
quality:ai,KEEP_ROOT,npm run quality:sh-03-degrade-gate && npm run quality:ai-client-gate && npm run quality:web-ai-boundary-gate
quality:ai-catalog-smoke-gate,MOVE_TO_TOOLS,node scripts/quality/validate-ai-catalog-smoke-gate.mjs
quality:ai-client-gate,MOVE_TO_TOOLS,node scripts/quality/validate-ai-client-gate.mjs
quality:ai-ext-inference-gate,MOVE_TO_TOOLS,node scripts/quality/validate-ai-ext-inference-gate.mjs
quality:ai-otel-gate,MOVE_TO_TOOLS,node scripts/quality/validate-ai-otel-gate.mjs
quality:ai-provenance-gate,MOVE_TO_TOOLS,node scripts/quality/validate-ai-provenance-gate.mjs
quality:ai-tramo-evals-gate,MOVE_TO_TOOLS,node scripts/quality/validate-ai-tramo-evals-gate.mjs
quality:auto-dev-6h-gate,MOVE_TO_TOOLS,node scripts/quality/validate-auto-dev-6h-gate.mjs
quality:autocomplete-gate,MOVE_TO_TOOLS,node scripts/quality/validate-autocomplete-gate.mjs
quality:bulk-actions-gate,MOVE_TO_TOOLS,node scripts/quality/validate-bulk-actions-gate.mjs
quality:calm-premium-signoff,MOVE_TO_TOOLS,node scripts/quality/capture-calm-premium-signoff.mjs
quality:case-intel-assist-gate,MOVE_TO_TOOLS,node scripts/quality/validate-case-intel-assist-gate.mjs
quality:case-intel-catalog-gate,MOVE_TO_TOOLS,node scripts/quality/validate-case-intel-catalog-gate.mjs
quality:case-intel-closure-gate,MOVE_TO_TOOLS,node scripts/quality/validate-case-intel-closure-gate.mjs
quality:case-intel-gate,MOVE_TO_TOOLS,npm run quality:case-intel-catalog-gate && npm run quality:case-intel-promote-gate && npm run quality:case-intel-assist-gate
quality:case-intel-promote-gate,MOVE_TO_TOOLS,node scripts/quality/validate-case-intel-promote-gate.mjs
quality:cds-hooks-gate,MOVE_TO_TOOLS,node scripts/quality/validate-cds-hooks-gate.mjs
quality:ci-parity,MOVE_TO_TOOLS,node scripts/quality/validate-ci-test-parity.mjs
quality:classic-actionrail-gate,ARCHIVE,node scripts/quality/validate-classic-actionrail-gate.mjs
quality:classic-commandbar-gate,ARCHIVE,node scripts/quality/validate-classic-commandbar-gate.mjs
quality:classic-fixed-panels-gate,ARCHIVE,node scripts/quality/validate-classic-fixed-panels-gate.mjs
quality:classic-md3-ai-mode-gate,ARCHIVE,node scripts/quality/validate-classic-md3-ai-mode-gate.mjs
quality:classic-md3-mode-gate,ARCHIVE,node scripts/quality/validate-classic-md3-mode-gate.mjs
quality:classic-mode-isolation-gate,ARCHIVE,node scripts/quality/validate-classic-mode-isolation-gate.mjs
quality:classic-screenshot-advisory,ARCHIVE,node scripts/quality/validate-classic-screenshot-advisory.mjs
quality:classic-screenshot-capture,ARCHIVE,node scripts/qa/classic-md3-screenshots.mjs
quality:classic-statusbar-gate,ARCHIVE,node scripts/quality/validate-classic-statusbar-gate.mjs
quality:classic-supporting-pane-gate,ARCHIVE,node scripts/quality/validate-classic-supporting-pane-gate.mjs
quality:clinical,KEEP_ROOT,node scripts/quality/run-quality-clinical.mjs
quality:clinical-ai-text-safety-gate,MOVE_TO_TOOLS,node scripts/quality/validate-clinical-ai-text-safety-gate.mjs
quality:clinical-form-rhf-gate,MOVE_TO_TOOLS,node scripts/quality/validate-clinical-form-rhf-gate.mjs
quality:clinical-grid-gate,MOVE_TO_TOOLS,node scripts/quality/validate-clinical-grid-gate.mjs
quality:clinical-productivity-gate,MOVE_TO_TOOLS,node scripts/quality/validate-clinical-productivity-gate.mjs
quality:clinical-snippets-gate,MOVE_TO_TOOLS,node scripts/quality/validate-clinical-snippets-gate.mjs
quality:clinical-spellcheck-gate,MOVE_TO_TOOLS,node scripts/quality/validate-clinical-spellcheck-gate.mjs
quality:clinical-spellcheck-integration,MOVE_TO_TOOLS,node scripts/quality/validate-clinical-spellcheck-integration.mjs
quality:clinical-textbox-assist-gate,MOVE_TO_TOOLS,node scripts/quality/validate-clinical-textbox-assist-gate.mjs
quality:clinical-textbox-gate,MOVE_TO_TOOLS,node scripts/quality/validate-clinical-textbox-gate.mjs
quality:cm-01-barra-gate,ARCHIVE,node scripts/quality/validate-cm-01-barra-gate.mjs
quality:cm-02-palette-gate,ARCHIVE,node scripts/quality/validate-cm-02-palette-gate.mjs
quality:cm-03-assist-route-gate,ARCHIVE,node scripts/quality/validate-cm-03-assist-route-gate.mjs
quality:cm-04-context-gate,ARCHIVE,node scripts/quality/validate-cm-04-context-gate.mjs
quality:cm-05-panel-ia-gate,ARCHIVE,node scripts/quality/validate-cm-05-panel-ia-gate.mjs
quality:cm-06-assist-draft-gate,ARCHIVE,node scripts/quality/validate-cm-06-assist-draft-gate.mjs
quality:cm-07-evals-gate,ARCHIVE,node scripts/quality/validate-cm-07-evals-gate.mjs
quality:cm-08-signoff-gate,ARCHIVE,node scripts/quality/validate-cm-08-signoff-gate.mjs
quality:command-center-googlebar-gate,MOVE_TO_TOOLS,node scripts/quality/validate-command-center-googlebar-gate.mjs
quality:command-center-hub-gate,MOVE_TO_TOOLS,node scripts/quality/validate-command-center-hub-gate.mjs
quality:command-center-layout-gate,MOVE_TO_TOOLS,node scripts/quality/validate-command-center-layout-gate.mjs
quality:command-palette-gate,MOVE_TO_TOOLS,node scripts/quality/validate-command-palette-gate.mjs
quality:copy-paste-safety-gate,MOVE_TO_TOOLS,node scripts/quality/validate-copy-paste-safety-gate.mjs
quality:dashboard-bulk-actions-gate,ARCHIVE,node scripts/quality/validate-dashboard-bulk-actions-gate.mjs
quality:dashboard-data-quality-gate,ARCHIVE,node scripts/quality/validate-dashboard-data-quality-gate.mjs
quality:dashboard-design-agents-gate,ARCHIVE,node scripts/quality/validate-dashboard-design-agents-gate.mjs
quality:dashboard-grid-surface-gate,ARCHIVE,node scripts/quality/validate-dashboard-grid-surface-gate.mjs
quality:dashboard-kpi-actionability-gate,ARCHIVE,node scripts/quality/validate-dashboard-kpi-actionability-gate.mjs
quality:dashboard-md3-mode-gate,ARCHIVE,node scripts/quality/validate-dashboard-md3-mode-gate.mjs
quality:dashboard-mode-isolation-gate,ARCHIVE,node scripts/quality/validate-dashboard-mode-isolation-gate.mjs
quality:dashboard-screenshot-advisory,ARCHIVE,node scripts/quality/validate-dashboard-screenshot-advisory.mjs
quality:design-agent-schemas-gate,MOVE_TO_TOOLS,node scripts/quality/validate-design-agent-schemas-gate.mjs
quality:design-agents-gate,MOVE_TO_TOOLS,node scripts/quality/validate-design-agents-gate.mjs
quality:design-mode-gate,MOVE_TO_TOOLS,node scripts/quality/validate-design-mode-gate.mjs
quality:dev-agent-low-risk-write-gate,MOVE_TO_TOOLS,node scripts/quality/validate-dev-agent-low-risk-write-gate.mjs
quality:dev-agent-ollama-automation-gate,MOVE_TO_TOOLS,node scripts/quality/validate-dev-agent-ollama-automation-gate.mjs
quality:dev-agent-orchestration-gate,MOVE_TO_TOOLS,node scripts/quality/validate-dev-agent-orchestration-gate.mjs
quality:dev-env-gate,MOVE_TO_TOOLS,node scripts/quality/validate-dev-env-gate.mjs
quality:di-autocomplete-gate,MOVE_TO_TOOLS,node scripts/quality/validate-di-autocomplete-gate.mjs
quality:di-context-gate,MOVE_TO_TOOLS,node scripts/quality/validate-di-context-gate.mjs
quality:di-journeys-gate,MOVE_TO_TOOLS,node scripts/quality/validate-di-journeys-gate.mjs
quality:di-memory-gate,MOVE_TO_TOOLS,node scripts/quality/validate-di-memory-gate.mjs
quality:di-next,MOVE_TO_TOOLS,node scripts/quality/di-next.mjs
quality:di-prefill-gate,MOVE_TO_TOOLS,node scripts/quality/validate-di-prefill-gate.mjs
quality:di-signoff-gate,MOVE_TO_TOOLS,node scripts/quality/validate-di-signoff-gate.mjs
quality:di-suggestions-gate,MOVE_TO_TOOLS,node scripts/quality/validate-di-suggestions-gate.mjs
quality:di-templates-gate,MOVE_TO_TOOLS,node scripts/quality/validate-di-templates-gate.mjs
quality:di-timeline-gate,MOVE_TO_TOOLS,node scripts/quality/validate-di-timeline-gate.mjs
quality:doc-screen-catalog-gate,MOVE_TO_TOOLS,node scripts/quality/validate-doc-screen-catalog-gate.mjs
quality:draft-trace-gate,MOVE_TO_TOOLS,node scripts/quality/validate-draft-trace-gate.mjs
quality:drag-drop-safety-gate,MOVE_TO_TOOLS,node scripts/quality/validate-drag-drop-safety-gate.mjs
quality:dual-chart-census-gate,ARCHIVE,node scripts/quality/validate-dual-chart-census-gate.mjs
quality:dual-chart-gate,ARCHIVE,node scripts/quality/validate-dual-chart-gate.mjs
quality:dual-chart-launcher-gate,ARCHIVE,node scripts/quality/validate-dual-chart-launcher-gate.mjs
quality:dual-chart-ledger,ARCHIVE,node scripts/quality/validate-dual-chart-ledger.mjs
quality:dual-chart-legacy-freeze-gate,ARCHIVE,node scripts/quality/validate-dual-chart-legacy-freeze-gate.mjs
quality:dual-chart-next,ARCHIVE,node scripts/quality/dual-chart-next.mjs
quality:dual-chart-paper-layout-gate,ARCHIVE,node scripts/quality/validate-dual-chart-paper-layout-gate.mjs
quality:dual-chart-paper-sot-gate,ARCHIVE,node scripts/quality/validate-dual-chart-paper-sot-gate.mjs
quality:dual-chart-plan,ARCHIVE,node scripts/quality/run-dual-chart-plan.mjs
quality:dual-chart-router-gate,ARCHIVE,node scripts/quality/validate-dual-chart-router-gate.mjs
quality:dual-chart-scaffold-gate,ARCHIVE,node scripts/quality/validate-dual-chart-scaffold-gate.mjs
quality:dual-chart-shell-anatomy-gate,ARCHIVE,node scripts/quality/validate-dual-chart-shell-anatomy-gate.mjs
quality:dual-chart-traditional-gate,ARCHIVE,node scripts/quality/validate-dual-chart-traditional-gate.mjs
quality:dual-chart-traditional-layout-gate,ARCHIVE,node scripts/quality/validate-dual-chart-traditional-layout-gate.mjs
quality:duplicate-actions-gate,MOVE_TO_TOOLS,node scripts/quality/validate-duplicate-actions-gate.mjs
quality:evolab-bridge-gate,MOVE_TO_TOOLS,node scripts/quality/validate-evolab-bridge-gate.mjs
quality:experiencia-core-signoff-gate,MOVE_TO_TOOLS,node scripts/quality/validate-experiencia-core-signoff-gate.mjs
quality:fast,KEEP_ROOT,node scripts/quality/run-quality-fast.mjs
quality:ficha-first-gate,MOVE_TO_TOOLS,node scripts/quality/validate-ficha-first-gate.mjs
quality:ficha-first-next,MOVE_TO_TOOLS,node scripts/quality/ficha-first-next.mjs
quality:ficha-norm-benchmark-gate,ARCHIVE,node scripts/quality/validate-ficha-norm-benchmark-gate.mjs
quality:ficha-norm-demo-gate,ARCHIVE,node scripts/demo/audit-demo-cases.mjs
quality:ficha-norm-density-gate,ARCHIVE,node scripts/quality/validate-ficha-norm-density-gate.mjs
quality:ficha-norm-mirror-b1-gate,ARCHIVE,node scripts/quality/validate-ficha-norm-mirror-b1-gate.mjs
quality:ficha-norm-mirror-b2-gate,ARCHIVE,node scripts/quality/validate-ficha-norm-mirror-b2-gate.mjs
quality:ficha-norm-motion-gate,ARCHIVE,node scripts/quality/validate-ficha-norm-motion-gate.mjs
quality:ficha-norm-signoff-gate,ARCHIVE,node scripts/quality/validate-ficha-norm-signoff-gate.mjs
quality:ficha-norm-theme-gate,ARCHIVE,node scripts/quality/validate-ficha-norm-theme-gate.mjs
quality:ficha-norm-typography-gate,ARCHIVE,node scripts/quality/validate-ficha-norm-typography-gate.mjs
quality:form-collapse-gate,MOVE_TO_TOOLS,node scripts/quality/validate-form-collapse-gate.mjs
quality:form-screen-tree-gate,MOVE_TO_TOOLS,node scripts/quality/validate-form-screen-tree-gate.mjs
quality:full,KEEP_ROOT,node scripts/quality/run-quality-full.mjs
quality:golden-journey,MOVE_TO_TOOLS,npm run build -w @epis2/command-registry && npm run build -w @epis2/clinical-forms && npm run build -w @epis2/test-fixtures && vitest run tests/golden-clinical-journey.spec.ts tests/golden-clinical-journey.api.spec.ts
quality:grid-surface-gate,MOVE_TO_TOOLS,node scripts/quality/validate-grid-surface-gate.mjs
quality:icon-budget-gate,MOVE_TO_TOOLS,node scripts/quality/validate-icon-budget-gate.mjs
quality:im-02-embed-gate,MOVE_TO_TOOLS,node scripts/quality/validate-im-02-embed-gate.mjs
quality:interop-chile-gate,MOVE_TO_TOOLS,node scripts/quality/validate-interop-chile-gate.mjs
quality:layers-integration-gate,MOVE_TO_TOOLS,node scripts/quality/validate-layers-integration-gate.mjs
quality:local-ci,MOVE_TO_TOOLS,node scripts/quality/run-local-ci.mjs
quality:login-command-home-gate,MOVE_TO_TOOLS,node scripts/quality/validate-login-command-home-gate.mjs
quality:m3-human-pilot,ARCHIVE,node scripts/quality/run-m3-human-pilot.mjs
quality:m3-scaffold-gate,ARCHIVE,node scripts/quality/validate-m3-scaffold-gate.mjs
quality:m3-signoff,ARCHIVE,node scripts/quality/verify-m3-signoff.mjs
quality:m3-visual-pass,ARCHIVE,node scripts/quality/capture-m3-visual-pass.mjs
quality:medrepo-consumption-gate,MOVE_TO_TOOLS,node scripts/quality/validate-medrepo-consumption-gate.mjs
quality:microphase-next,MOVE_TO_TOOLS,node scripts/quality/microphase-next.mjs
quality:microphases,MOVE_TO_TOOLS,node scripts/quality/validate-microphase-ledger.mjs
quality:mode-guards-gate,MOVE_TO_TOOLS,node scripts/quality/validate-mode-guards-gate.mjs
quality:mode-safety-gate,MOVE_TO_TOOLS,node scripts/quality/validate-mode-safety-gate.mjs
quality:mode-switcher-gate,MOVE_TO_TOOLS,node scripts/quality/validate-mode-switcher-gate.mjs
quality:mode-transitions-gate,MOVE_TO_TOOLS,node scripts/quality/validate-mode-transitions-gate.mjs
quality:nightly,KEEP_ROOT,node tools/gates/run-gate.mjs nightly
quality:ola1c-imaging-gate,ARCHIVE,node scripts/quality/validate-ola1c-imaging-gate.mjs
quality:ola1c-journey-gate,ARCHIVE,node scripts/quality/validate-ola1c-journey-gate.mjs
quality:ola2-m3-ui-gate,ARCHIVE,node scripts/quality/validate-ola2-m3-ui-gate.mjs
quality:ola2-physical-exam-gate,ARCHIVE,node scripts/quality/validate-ola2-physical-exam-gate.mjs
quality:ola3-alerts-gate,ARCHIVE,node scripts/quality/validate-ola3-alerts-gate.mjs
quality:ola3-ficha-depth-gate,ARCHIVE,node scripts/quality/validate-ola3-ficha-depth-gate.mjs
quality:ola3-ficha-gate,ARCHIVE,node scripts/quality/validate-ola3-ficha-gate.mjs
quality:ola3-ficha-hub-gate,ARCHIVE,node scripts/quality/validate-ola3-ficha-hub-gate.mjs
quality:ola3-longitudinal-gate,ARCHIVE,node scripts/quality/validate-ola3-longitudinal-gate.mjs
quality:ola3-surgical-gate,ARCHIVE,node scripts/quality/validate-ola3-surgical-gate.mjs
quality:ola3-timeline-gate,ARCHIVE,node scripts/quality/validate-ola3-timeline-gate.mjs
quality:ola6a-print-gate,ARCHIVE,node scripts/quality/validate-ola6a-print-gate.mjs
quality:ollama-structured-output-gate,MOVE_TO_TOOLS,node scripts/quality/validate-ollama-structured-output-gate.mjs
quality:openapi-gate,MOVE_TO_TOOLS,node scripts/quality/validate-openapi-gate.mjs
quality:openclaw-cycle-gate,MOVE_TO_TOOLS,node scripts/quality/validate-openclaw-cycle-gate.mjs
quality:openclaw-gate,MOVE_TO_TOOLS,node scripts/quality/validate-openclaw-gate.mjs
quality:paper-chart-section-tree-gate,MOVE_TO_TOOLS,node scripts/quality/validate-paper-chart-section-tree-gate.mjs
quality:paper-mode-ai-commands-gate,MOVE_TO_TOOLS,node scripts/quality/validate-paper-mode-ai-commands-gate.mjs
quality:paper-mode-ai-meta-gate,MOVE_TO_TOOLS,node scripts/quality/validate-paper-mode-ai-meta-gate.mjs
quality:paper-mode-doc-bridge-gate,MOVE_TO_TOOLS,node scripts/quality/validate-paper-mode-doc-bridge-gate.mjs
quality:paper-mode-fichapapel-reference-gate,MOVE_TO_TOOLS,node scripts/quality/validate-paper-mode-fichapapel-reference-gate.mjs
quality:paper-mode-fields-gate,MOVE_TO_TOOLS,node scripts/quality/validate-paper-mode-fields-gate.mjs
quality:paper-mode-nav-gate,MOVE_TO_TOOLS,node scripts/quality/validate-paper-mode-nav-gate.mjs
quality:paper-mode-next,MOVE_TO_TOOLS,node scripts/quality/paper-mode-next.mjs
quality:paper-mode-pagination-gate,MOVE_TO_TOOLS,node scripts/quality/validate-paper-mode-pagination-gate.mjs
quality:paper-mode-signoff-gate,MOVE_TO_TOOLS,node scripts/quality/validate-paper-mode-signoff-gate.mjs
quality:paper-mode-tokens-gate,MOVE_TO_TOOLS,node scripts/quality/validate-paper-mode-tokens-gate.mjs
quality:paper-mode-toolbar-gate,MOVE_TO_TOOLS,node scripts/quality/validate-paper-mode-toolbar-gate.mjs
quality:paper-planner-ai-gate,ARCHIVE,node scripts/quality/validate-paper-planner-ai-gate.mjs
quality:paper-planner-gates,ARCHIVE,npm run quality:paper-planner-scaffold-gate && npm run quality:paper-planner-week-gate && npm run quality:paper-planner-month-gate && npm run quality:paper-planner-print-gate && npm run quality:paper-planner-ai-gate
quality:paper-planner-month-gate,ARCHIVE,node scripts/quality/validate-paper-planner-month-gate.mjs
quality:paper-planner-print-gate,ARCHIVE,node scripts/quality/validate-paper-planner-print-gate.mjs
quality:paper-planner-scaffold-gate,ARCHIVE,node scripts/quality/validate-paper-planner-scaffold-gate.mjs
quality:paper-planner-week-gate,ARCHIVE,node scripts/quality/validate-paper-planner-week-gate.mjs
quality:pilot-trial,MOVE_TO_TOOLS,node scripts/quality/run-pilot-trial.mjs
quality:pm01,ARCHIVE,npm run quality:three-modes-gate && npm run quality:classic-md3-mode-gate && npm run quality:dashboard-md3-mode-gate && npm run quality:mode-transitions-gate && npm run quality:mode-guards-gate && npm run quality:mode-safety-gate
quality:pm03-orchestration-gate,ARCHIVE,node scripts/quality/validate-pm03-orchestration-gate.mjs
quality:quality-aliases-gate,MOVE_TO_TOOLS,node scripts/quality/validate-quality-aliases-gate.mjs
quality:rad-m3-discipline-gate,MOVE_TO_TOOLS,node scripts/quality/validate-rad-m3-discipline-gate.mjs
quality:rag-retrieval-gate,MOVE_TO_TOOLS,node scripts/quality/validate-rag-retrieval-gate.mjs
quality:rapid-gate,MOVE_TO_TOOLS,node scripts/quality/validate-rapid-gate.mjs
quality:registry-gate,MOVE_TO_TOOLS,node scripts/quality/validate-registry-gate.mjs
quality:registry-meta-gate,MOVE_TO_TOOLS,node scripts/quality/validate-registry-meta-gate.mjs
quality:registry-status,MOVE_TO_TOOLS,node scripts/quality/registry-status.mjs
quality:required,KEEP_ROOT,node tools/gates/run-gate.mjs required
quality:role-care-separation-gate,MOVE_TO_TOOLS,node scripts/quality/validate-role-care-separation-gate.mjs
quality:scroll-discipline-gate,MOVE_TO_TOOLS,node scripts/quality/validate-scroll-discipline-gate.mjs
quality:sh-02-intent-evals-gate,MOVE_TO_TOOLS,node scripts/quality/validate-sh-02-intent-evals-gate.mjs
quality:sh-03-degrade-gate,MOVE_TO_TOOLS,node scripts/quality/validate-sh-03-degrade-gate.mjs
quality:sh-05-rls-gate,MOVE_TO_TOOLS,node scripts/quality/validate-sh-05-rls-gate.mjs
quality:sh-06-migration-gate,MOVE_TO_TOOLS,node scripts/quality/validate-sh-06-migration-gate.mjs
quality:spellcheck-gate,MOVE_TO_TOOLS,node scripts/quality/validate-spellcheck-gate.mjs
quality:split-pane-gate,MOVE_TO_TOOLS,node scripts/quality/validate-split-pane-gate.mjs
quality:stack-dev-gate,MOVE_TO_TOOLS,node scripts/quality/validate-stack-dev-gate.mjs
quality:strengthen-close-gate,MOVE_TO_TOOLS,node scripts/quality/validate-strengthen-close-gate.mjs
quality:strengthen-next,MOVE_TO_TOOLS,node scripts/quality/strengthen-next.mjs
quality:te-02-sections-gate,ARCHIVE,node scripts/quality/validate-te-02-sections-gate.mjs
quality:te-04-sections-gate,ARCHIVE,node scripts/quality/validate-te-04-sections-gate.mjs
quality:te-06-supporting-pane-gate,ARCHIVE,node scripts/quality/validate-te-06-supporting-pane-gate.mjs
quality:te-07-tabular-gate,ARCHIVE,node scripts/quality/validate-te-07-tabular-gate.mjs
quality:te-08-signoff-gate,ARCHIVE,node scripts/quality/validate-te-08-signoff-gate.mjs
quality:three-modes-design-agents-gate,ARCHIVE,node scripts/quality/validate-three-modes-design-agents-gate.mjs
quality:three-modes-gate,ARCHIVE,node scripts/quality/validate-three-modes-gate.mjs
quality:tramo-a-closure-gate,ARCHIVE,node scripts/quality/validate-tramo-a-closure-gate.mjs
quality:tramo-b-closure-gate,ARCHIVE,node scripts/quality/validate-tramo-b-closure-gate.mjs
quality:tramo-b-reception-gate,ARCHIVE,node scripts/quality/validate-tramo-b-reception-gate.mjs
quality:tramo-b-ui-gate,ARCHIVE,node scripts/quality/validate-tramo-b-ui-gate.mjs
quality:tramo-c-admission-gate,ARCHIVE,node scripts/quality/validate-tramo-c-admission-gate.mjs
quality:tramo-c-census-gate,ARCHIVE,node scripts/quality/validate-tramo-c-census-gate.mjs
quality:tramo-c-closure-gate,ARCHIVE,node scripts/quality/validate-tramo-c-closure-gate.mjs
quality:tramo-c-emergency-gate,ARCHIVE,node scripts/quality/validate-tramo-c-emergency-gate.mjs
quality:tramo-c-epicrisis-gate,ARCHIVE,node scripts/quality/validate-tramo-c-epicrisis-gate.mjs
quality:tramo-c-mar-gate,ARCHIVE,node scripts/quality/validate-tramo-c-mar-gate.mjs
quality:tramo-c-orders-gate,ARCHIVE,node scripts/quality/validate-tramo-c-orders-gate.mjs
quality:tramo-c-trends-gate,ARCHIVE,node scripts/quality/validate-tramo-c-trends-gate.mjs
quality:tramo-closure-evals-gate,ARCHIVE,node scripts/quality/validate-tramo-closure-evals-gate.mjs
quality:tramo-d-closure-gate,ARCHIVE,node scripts/quality/validate-tramo-d-closure-gate.mjs
quality:tramo-d-flowsheet-gate,ARCHIVE,node scripts/quality/validate-tramo-d-flowsheet-gate.mjs
quality:tramo-d-fluid-balance-gate,ARCHIVE,node scripts/quality/validate-tramo-d-fluid-balance-gate.mjs
quality:tramo-d-hemodynamics-gate,ARCHIVE,node scripts/quality/validate-tramo-d-hemodynamics-gate.mjs
quality:tramo-d-icu-discharge-gate,ARCHIVE,node scripts/quality/validate-tramo-d-icu-discharge-gate.mjs
quality:tramo-d-icu-gate,ARCHIVE,node scripts/quality/validate-tramo-d-icu-gate.mjs
quality:tramo-d-invasive-gate,ARCHIVE,node scripts/quality/validate-tramo-d-invasive-gate.mjs
quality:tramo-d-inventory-gate,ARCHIVE,node scripts/quality/validate-tramo-d-inventory-gate.mjs
quality:tramo-d-neurological-gate,ARCHIVE,node scripts/quality/validate-tramo-d-neurological-gate.mjs
quality:tramo-d-sedoanalgesia-gate,ARCHIVE,node scripts/quality/validate-tramo-d-sedoanalgesia-gate.mjs
quality:tramo-d-severity-scales-gate,ARCHIVE,node scripts/quality/validate-tramo-d-severity-scales-gate.mjs
quality:tramo-d-vasoactive-gate,ARCHIVE,node scripts/quality/validate-tramo-d-vasoactive-gate.mjs
quality:tramo-d-ventilation-gate,ARCHIVE,node scripts/quality/validate-tramo-d-ventilation-gate.mjs
quality:tramo-e-audit-gate,ARCHIVE,node scripts/quality/validate-tramo-e-audit-gate.mjs
quality:tramo-e-closure-gate,ARCHIVE,node scripts/quality/validate-tramo-e-closure-gate.mjs
quality:tramo-e-inventory-gate,ARCHIVE,node scripts/quality/validate-tramo-e-inventory-gate.mjs
quality:tramo-e-or-gate,ARCHIVE,node scripts/quality/validate-tramo-e-or-gate.mjs
quality:tramo-e-preanesthesia-gate,ARCHIVE,node scripts/quality/validate-tramo-e-preanesthesia-gate.mjs
quality:tramo-e-scaffold-gate,ARCHIVE,node scripts/quality/validate-tramo-e-scaffold-gate.mjs
quality:tramo-e-who-checklist-gate,ARCHIVE,node scripts/quality/validate-tramo-e-who-checklist-gate.mjs
quality:tramo-e2e-registry-gate,ARCHIVE,node scripts/quality/validate-tramo-e2e-registry-gate.mjs
quality:tramo-f-aps-gate,ARCHIVE,node scripts/quality/validate-tramo-f-aps-gate.mjs
quality:tramo-f-audit-gate,ARCHIVE,node scripts/quality/validate-tramo-f-audit-gate.mjs
quality:tramo-f-closure-gate,ARCHIVE,node scripts/quality/validate-tramo-f-closure-gate.mjs
quality:tramo-f-inventory-gate,ARCHIVE,node scripts/quality/validate-tramo-f-inventory-gate.mjs
quality:tramo-f-scaffold-gate,ARCHIVE,node scripts/quality/validate-tramo-f-scaffold-gate.mjs
quality:tramo-g-audit-gate,ARCHIVE,node scripts/quality/validate-tramo-g-audit-gate.mjs
quality:tramo-g-closure-gate,ARCHIVE,node scripts/quality/validate-tramo-g-closure-gate.mjs
quality:tramo-g-inventory-gate,ARCHIVE,node scripts/quality/validate-tramo-g-inventory-gate.mjs
quality:tramo-g-scaffold-gate,ARCHIVE,node scripts/quality/validate-tramo-g-scaffold-gate.mjs
quality:tramo-g-specialized-gate,ARCHIVE,node scripts/quality/validate-tramo-g-specialized-gate.mjs
quality:tramo-h-audit-gate,ARCHIVE,node scripts/quality/validate-tramo-h-audit-gate.mjs
quality:tramo-h-closure-gate,ARCHIVE,node scripts/quality/validate-tramo-h-closure-gate.mjs
quality:tramo-h-iaas-gate,ARCHIVE,node scripts/quality/validate-tramo-h-iaas-gate.mjs
quality:tramo-h-inventory-gate,ARCHIVE,node scripts/quality/validate-tramo-h-inventory-gate.mjs
quality:tramo-h-scaffold-gate,ARCHIVE,node scripts/quality/validate-tramo-h-scaffold-gate.mjs
quality:tramo-i-audit-gate,ARCHIVE,node scripts/quality/validate-tramo-i-audit-gate.mjs
quality:tramo-i-closure-gate,ARCHIVE,node scripts/quality/validate-tramo-i-closure-gate.mjs
quality:tramo-i-inventory-gate,ARCHIVE,node scripts/quality/validate-tramo-i-inventory-gate.mjs
quality:tramo-i-scaffold-gate,ARCHIVE,node scripts/quality/validate-tramo-i-scaffold-gate.mjs
quality:tramo-i-specialty-gate,ARCHIVE,node scripts/quality/validate-tramo-i-specialty-gate.mjs
quality:tramo-j-audit-gate,ARCHIVE,node scripts/quality/validate-tramo-j-audit-gate.mjs
quality:tramo-j-closure-gate,ARCHIVE,node scripts/quality/validate-tramo-j-closure-gate.mjs
quality:tramo-j-inventory-gate,ARCHIVE,node scripts/quality/validate-tramo-j-inventory-gate.mjs
quality:tramo-j-pharmacy-gate,ARCHIVE,node scripts/quality/validate-tramo-j-pharmacy-gate.mjs
quality:tramo-j-scaffold-gate,ARCHIVE,node scripts/quality/validate-tramo-j-scaffold-gate.mjs
quality:tramo-k-audit-gate,ARCHIVE,node scripts/quality/validate-tramo-k-audit-gate.mjs
quality:tramo-k-closure-gate,ARCHIVE,node scripts/quality/validate-tramo-k-closure-gate.mjs
quality:tramo-k-inventory-gate,ARCHIVE,node scripts/quality/validate-tramo-k-inventory-gate.mjs
quality:tramo-k-quality-gate,ARCHIVE,node scripts/quality/validate-tramo-k-quality-gate.mjs
quality:tramo-k-scaffold-gate,ARCHIVE,node scripts/quality/validate-tramo-k-scaffold-gate.mjs
quality:tramo-scaffold-canon-gate,ARCHIVE,node scripts/quality/validate-tramo-scaffold-canon-gate.mjs
quality:tramos-ak-closure-gate,ARCHIVE,node scripts/quality/validate-tramos-ak-closure-gate.mjs
quality:tramos-clinical-signoff-gate,ARCHIVE,node scripts/quality/validate-tramos-clinical-signoff-gate.mjs
quality:tramos-clinical-signoff-session,ARCHIVE,node scripts/quality/run-tramos-clinical-signoff-session.mjs
quality:tramos-hygiene-gate,ARCHIVE,node scripts/quality/validate-tramos-hygiene-gate.mjs
quality:tramos-run-ak-closure-gates,ARCHIVE,node scripts/run-tramos-ak-closure-gates.mjs
quality:tramos-signoff-prep-gate,ARCHIVE,node scripts/quality/validate-tramos-signoff-prep-gate.mjs
quality:tres-frentes-next,MOVE_TO_TOOLS,node scripts/quality/tres-frentes-next.mjs
quality:ui,KEEP_ROOT,npm run quality:ui-simplify-gate
quality:ui-density-gate,MOVE_TO_TOOLS,node scripts/quality/validate-ui-density-gate.mjs
quality:ui-simplify-gate,MOVE_TO_TOOLS,node scripts/quality/validate-ui-simplify-gate.mjs
quality:ux-g02,MOVE_TO_TOOLS,npm run build -w @epis2/contracts && npm run build -w @epis2/clinical-domain && npm run build -w @epis2/design-system && npm run build -w @epis2/command-registry && npm run build -w @epis2/clinical-forms && npm run build -w @epis2/test-fixtures && tsx scripts/qa/run-ux-g02-validation.ts
quality:ux-pilot,MOVE_TO_TOOLS,npm run quality:ux-g02 && npm run test:e2e:ux-g02 && npm run test:e2e:login-gateway
quality:ux-pilot-gate,MOVE_TO_TOOLS,node scripts/quality/validate-ux-pilot-gate.mjs
quality:visual-density-agent-gate,MOVE_TO_TOOLS,node scripts/quality/validate-visual-density-agent-gate.mjs
quality:web-ai-boundary-gate,MOVE_TO_TOOLS,node scripts/quality/validate-web-ai-boundary-gate.mjs
quality:week2-gate,ARCHIVE,node scripts/quality/validate-week2-gate.mjs
quality:week3-gate,ARCHIVE,node scripts/quality/validate-week3-gate.mjs
quality:week4-gate,ARCHIVE,node scripts/quality/validate-week4-gate.mjs
stack:dev,KEEP_ROOT,node scripts/stack-dev.mjs
stack:langfuse,MOVE_TO_TOOLS,docker compose --profile langfuse up -d langfuse-postgres langfuse
stack:observability,MOVE_TO_TOOLS,docker compose --profile observability up -d otel-collector
stack:reset,MOVE_TO_TOOLS,node scripts/stack-reset.mjs
stack:up,KEEP_ROOT,node scripts/stack-up.mjs
storybook:ui,MOVE_TO_TOOLS,storybook dev -p 6006 -c packages/epis2-ui/.storybook
storybook:ui:build,MOVE_TO_TOOLS,storybook build -c packages/epis2-ui/.storybook -o packages/epis2-ui/storybook-static
test,KEEP_ROOT,npm run build -w @epis2/contracts && npm run build -w @epis2/clinical-domain && npm run build -w @epis2/design-system && npm run build -w @epis2/command-registry && npm run build -w @epis2/clinical-forms && npm run build -w @epis2/epis2-widgets && npm run build -w @epis2/epis2-ui && npm run build -w @epis2/clinical-productivity && npm run build -w @epis2/test-fixtures && npm run build -w @epis2/fhir-export && vitest run
test:e2e,KEEP_ROOT,playwright test e2e/golden-command-evolution.spec.ts e2e/golden-draft-approval.spec.ts e2e/golden-v2-admission-discharge.spec.ts e2e/clinical-textbox-evolution-draft.spec.ts e2e/login-gateway.spec.ts e2e/ux-g02-command-first.spec.ts e2e/three-modes-journey.spec.ts e2e/ola6a-print-certificate.spec.ts e2e/ola6a-print-prescription.spec.ts e2e/ola6a-print-discharge-summary.spec.ts e2e/ola6a-print-orders.spec.ts e2e/a11y-smoke.spec.ts e2e/mobile-drawer.spec.ts
test:e2e:a11y,MOVE_TO_WORKSPACE,playwright test e2e/a11y-smoke.spec.ts
test:e2e:clinical-textbox,MOVE_TO_WORKSPACE,playwright test e2e/clinical-textbox-evolution-draft.spec.ts
test:e2e:dual-chart,MOVE_TO_WORKSPACE,playwright test e2e/dual-chart-modes.spec.ts
test:e2e:golden-v2,MOVE_TO_WORKSPACE,playwright test e2e/golden-v2-admission-discharge.spec.ts
test:e2e:install,MOVE_TO_WORKSPACE,playwright install chromium
test:e2e:login-gateway,MOVE_TO_WORKSPACE,playwright test e2e/login-gateway.spec.ts
test:e2e:mobile,MOVE_TO_WORKSPACE,playwright test e2e/mobile-drawer.spec.ts
test:e2e:ola1c,MOVE_TO_WORKSPACE,playwright test e2e/ola1c-results-journey.spec.ts
test:e2e:ola2,MOVE_TO_WORKSPACE,playwright test e2e/ola2-ambulatory-m3-ui.spec.ts
test:e2e:ola3,MOVE_TO_WORKSPACE,playwright test e2e/ola3-ficha-journey.spec.ts
test:e2e:print,MOVE_TO_WORKSPACE,playwright test e2e/ola6a-print-certificate.spec.ts e2e/ola6a-print-prescription.spec.ts e2e/ola6a-print-discharge-summary.spec.ts e2e/ola6a-print-orders.spec.ts
test:e2e:three-modes,MOVE_TO_WORKSPACE,playwright test e2e/three-modes-journey.spec.ts
test:e2e:tramo-b,MOVE_TO_WORKSPACE,playwright test e2e/tramo-b-reception.spec.ts
test:e2e:tramo-c,MOVE_TO_WORKSPACE,playwright test e2e/tramo-c-emergency.spec.ts
test:e2e:tramo-c-admission,MOVE_TO_WORKSPACE,playwright test e2e/tramo-c-admission.spec.ts
test:e2e:tramo-c-mar,MOVE_TO_WORKSPACE,playwright test e2e/tramo-c-mar.spec.ts
test:e2e:tramo-c-trends,MOVE_TO_WORKSPACE,playwright test e2e/tramo-c-trends.spec.ts
test:e2e:tramo-d,MOVE_TO_WORKSPACE,playwright test e2e/tramo-d-icu.spec.ts
test:e2e:tramo-e,MOVE_TO_WORKSPACE,playwright test e2e/tramo-e-or.spec.ts
test:e2e:tramo-f,MOVE_TO_WORKSPACE,playwright test e2e/tramo-f-aps.spec.ts
test:e2e:tramo-g,MOVE_TO_WORKSPACE,playwright test e2e/tramo-g-icu.spec.ts
test:e2e:tramo-h,MOVE_TO_WORKSPACE,playwright test e2e/tramo-h-iaas.spec.ts
test:e2e:tramo-i,MOVE_TO_WORKSPACE,playwright test e2e/tramo-i-specialty.spec.ts
test:e2e:tramo-j,MOVE_TO_WORKSPACE,playwright test e2e/tramo-j-pharmacy.spec.ts
test:e2e:tramo-k,MOVE_TO_WORKSPACE,playwright test e2e/tramo-k-quality.spec.ts
test:e2e:ux-g02,MOVE_TO_WORKSPACE,playwright test e2e/ux-g02-command-first.spec.ts
test:e2e:week3,MOVE_TO_WORKSPACE,playwright test e2e/week3-ai-tramo-j.spec.ts
test:unit:chart,MOVE_TO_WORKSPACE,vitest run apps/web/src/components/chart
theme:generate,MOVE_TO_TOOLS,node scripts/theme/generate-epis2-theme.mjs
theme:import,MOVE_TO_TOOLS,node scripts/theme/import-material-theme.mjs
theme:report,MOVE_TO_TOOLS,node scripts/theme/generate-theme-report.mjs
theme:snapshot,MOVE_TO_TOOLS,node scripts/theme/compare-theme-snapshots.mjs
theme:validate,MOVE_TO_TOOLS,node scripts/theme/validate-theme-all.mjs
tool:gates:sync-catalog,KEEP_ROOT,node tools/gates/sync-catalog.mjs
tool:gates:verify,KEEP_ROOT,node tools/gates/verify-infra.mjs
tool:scripts:classify,KEEP_ROOT,node tools/scripts/classify.mjs
typecheck,KEEP_ROOT,npm run build -w @epis2/contracts && npm run build -w @epis2/clinical-domain && npm run build -w @epis2/design-system && npm run build -w @epis2/command-registry && npm run build -w @epis2/clinical-forms && npm run build -w @epis2/epis2-widgets && npm run build -w @epis2/epis2-ui && npm run build -w @epis2/clinical-productivity && npm run build -w @epis2/test-fixtures && npm run build -w @epis2/fhir-export && npm run build -w @epis2/ai-client && npm run build -w @epis2/local-ai && npm run typecheck -w @epis2/contracts && npm run typecheck -w @epis2/clinical-domain && npm run typecheck -w @epis2/design-system && npm run typecheck -w @epis2/command-registry && npm run typecheck -w @epis2/clinical-forms && npm run typecheck -w @epis2/epis2-widgets && npm run typecheck -w @epis2/epis2-ui && npm run typecheck -w @epis2/clinical-productivity && npm run typecheck -w @epis2/test-fixtures && npm run typecheck -w @epis2/fhir-export && npm run typecheck -w @epis2/ai-client && npm run typecheck -w @epis2/local-ai && npm run typecheck -w @epis2/drug-intel && npm run typecheck -w @epis2/clinical-case-intel && npm run typecheck -w @epis2/api && npm run typecheck -w @epis2/web
